<?xml version="1.0" encoding="UTF-8" ?>
<!DOCTYPE mapper PUBLIC "-//mybatis.org//DTD Mapper 3.0//EN" "http://10.20.91.130/dtd/mybatis-3-mapper.dtd" >

<mapper namespace="com.online.college.core.consts.dao.ConstsClassifyDao">

	<resultMap id="BeanResultMap" type="com.online.college.core.consts.domain.ConstsClassify" >
		<id column="id" property="id" jdbcType="INTEGER"/>
		<result column="name" property="name"  jdbcType="VARCHAR" />
		<result column="code" property="code"  jdbcType="VARCHAR" />
		<result column="parent_code" property="parentCode"  jdbcType="VARCHAR" />
		<result column="sort" property="sort"  jdbcType="VARCHAR" />
		<result column="create_time" property="createTime"  jdbcType="DATE" />
		<result column="create_user" property="createUser"  jdbcType="VARCHAR" />
		<result column="update_time" property="updateTime"  jdbcType="TIMESTAMP" />
		<result column="update_user" property="updateUser"  jdbcType="VARCHAR" />
		<result column="del" property="del"  jdbcType="TINYINT" />
	</resultMap> 

	<sql id="All_Columns">
		name, code, parent_code, sort, create_time, create_user, update_time, 
		update_user, del, id 
	</sql>

	<select id="queryAll"  resultMap="BeanResultMap">
		SELECT 
		<include refid="All_Columns" />
		FROM t_consts_classify 
		WHERE del = 0
		ORDER BY parent_code , sort
	</select>
	
	<select id="queryByCondition"  parameterType="com.online.college.core.consts.domain.ConstsClassify" resultMap="BeanResultMap"  >
		SELECT 
		<include refid="All_Columns" />
		FROM t_consts_classify 
		<trim prefix="WHERE" prefixOverrides="AND |OR "> 
			 del = 0
			<if test="code != null">
				AND code = #{code}
			</if>
			<if test="parentCode != null">
				AND parent_code = #{parentCode}
			</if>
		</trim>
		ORDER BY parent_code , sort
	</select>

	<select id="getTotalItemsCount" parameterType="com.online.college.core.consts.domain.ConstsClassify" resultType="java.lang.Integer">
		SELECT COUNT(*) FROM t_consts_classify
		WHERE del = 0 
	</select>

	<select id="queryPage" resultType="com.online.college.core.consts.domain.ConstsClassify">
		SELECT 
		<include refid="All_Columns" />
		FROM t_consts_classify
		WHERE del = 0 
		ORDER BY id
		LIMIT #{param2.startIndex, jdbcType=INTEGER} , #{param2.pageSize, jdbcType=INTEGER} 
	</select>

	<select id="getById" parameterType="java.lang.Long" resultType="com.online.college.core.consts.domain.ConstsClassify">
		SELECT 
		<include refid="All_Columns"  />
		FROM t_consts_classify
		WHERE id = #{id, jdbcType=INTEGER}
	</select>
	
	<select id="getByCode" parameterType="java.lang.String" resultType="com.online.college.core.consts.domain.ConstsClassify">
		SELECT 
		<include refid="All_Columns"  />
		FROM t_consts_classify
		WHERE code = #{code, jdbcType=VARCHAR}
		AND del = 0
	</select>

	<insert id="create" parameterType="com.online.college.core.consts.domain.ConstsClassify" flushCache="true"  useGeneratedKeys="true" keyProperty="id"  >
		INSERT INTO t_consts_classify
		( name, parent_code, sort, create_time, create_user, update_time, 
		update_user, del, id ) 
		VALUES 
		( #{name, jdbcType=VARCHAR}, #{parentCode, jdbcType=VARCHAR}, #{sort, jdbcType=VARCHAR}, #{createTime, jdbcType=DATE}, #{createUser, jdbcType=VARCHAR}, #{updateTime, jdbcType=TIMESTAMP}, 
		#{updateUser, jdbcType=VARCHAR}, #{del, jdbcType=TINYINT}, #{id, jdbcType=VARCHAR} ) 
	</insert>
	
	<insert id="createSelectivity" parameterType="com.online.college.core.consts.domain.ConstsClassify" flushCache="true"  useGeneratedKeys="true" keyProperty="id"  >
		INSERT INTO t_consts_classify
		<trim prefix="(" suffix=")"  suffixOverrides="," >
			<if test="name != null ">
			name,
			</if>
			<if test="code != null ">
			CODE,
			</if>
			<if test="parentCode != null ">
			parent_code,
			</if>
			<if test="sort != null ">
			sort,
			</if>
			<if test="createTime != null ">
			create_time,
			</if>
			<if test="createUser != null ">
			create_user,
			</if>
			<if test="updateTime != null ">
			update_time,
			</if>
			<if test="updateUser != null ">
			update_user,
			</if>
			<if test="del != null ">
			del,
			</if>
		</trim>
		VALUES
		<trim prefix="(" suffix=")"  suffixOverrides="," >
			<if test="name != null ">
			#{name, jdbcType=VARCHAR},
			</if>
			<if test="code != null ">
			#{code, jdbcType=VARCHAR},
			</if>
			<if test="parentCode != null ">
			#{parentCode, jdbcType=VARCHAR},
			</if>
			<if test="sort != null ">
			#{sort, jdbcType=INTEGER},
			</if>
			<if test="createTime != null ">
			#{createTime, jdbcType=DATE},
			</if>
			<if test="createUser != null ">
			#{createUser, jdbcType=VARCHAR},
			</if>
			<if test="updateTime != null ">
			#{updateTime, jdbcType=TIMESTAMP},
			</if>
			<if test="updateUser != null ">
			#{updateUser, jdbcType=VARCHAR},
			</if>
			<if test="del != null ">
			#{del, jdbcType=TINYINT},
			</if>
		</trim>
	</insert>

	<update id="update" parameterType="com.online.college.core.consts.domain.ConstsClassify" flushCache="true">
		UPDATE t_consts_classify SET 
		name = #{name, jdbcType=VARCHAR},
		parent_code = #{parentCode, jdbcType=VARCHAR},
		sort = #{sort, jdbcType=VARCHAR},
		update_time = #{updateTime, jdbcType=TIMESTAMP},
		update_user = #{updateUser, jdbcType=VARCHAR}
		WHERE id = #{id, jdbcType=INTEGER} 
	</update>

	<update id="updateSelectivity" parameterType="com.online.college.core.consts.domain.ConstsClassify" flushCache="true">
		UPDATE t_consts_classify
		<trim prefix="SET" suffixOverrides="," >
			<if test="name != null ">
			name = #{name, jdbcType=VARCHAR},
			</if>
			<if test="parentCode != null ">
			parent_code = #{parentCode, jdbcType=VARCHAR},
			</if>
			<if test="sort != null ">
			sort = #{sort, jdbcType=VARCHAR},
			</if>
			<if test="updateTime != null ">
			update_time = #{updateTime, jdbcType=TIMESTAMP},
			</if>
			<if test="updateUser != null ">
			update_user = #{updateUser, jdbcType=VARCHAR},
			</if>
			<if test="del != null ">
			del = #{del, jdbcType=TINYINT},
			</if>
		</trim>
		WHERE id = #{id, jdbcType = INTEGER}

	</update>

	<delete id="delete" parameterType="com.online.college.core.consts.domain.ConstsClassify" >
		DELETE FROM t_consts_classify
		WHERE id = #{id, jdbcType=INTEGER}
	</delete>

	<update id="deleteLogic" parameterType="com.online.college.core.consts.domain.ConstsClassify" flushCache="true">
		UPDATE t_consts_classify
		SET del = 1
		WHERE id = #{id, jdbcType=INTEGER}
	</update>

</mapper>
