<?xml version="1.0" encoding="UTF-8"?>
<beans  xmlns="http://www.springframework.org/schema/beans" 
		xmlns:xsi="http://www.w3.org/2001/XMLSchema-instance" 
		xmlns:context="http://www.springframework.org/schema/context"
		xmlns:tx="http://www.springframework.org/schema/tx"   
		xmlns:util="http://www.springframework.org/schema/util" 
		xmlns:aop="http://www.springframework.org/schema/aop"  
		xmlns:mvc="http://www.springframework.org/schema/mvc"        
    	xsi:schemaLocation="http://www.springframework.org/schema/beans        
    						http://www.springframework.org/schema/beans/spring-beans-2.5.xsd        
    						http://www.springframework.org/schema/context        
   							http://www.springframework.org/schema/context/spring-context-2.5.xsd
   							http://www.springframework.org/schema/tx    
          					http://www.springframework.org/schema/tx/spring-tx-4.0.xsd 
     						http://www.springframework.org/schema/aop 
     						http://www.springframework.org/schema/aop/spring-aop-4.0.xsd 
   							http://www.springframework.org/schema/mvc  
						    http://www.springframework.org/schema/mvc/spring-mvc-4.0.xsd"> 
				
		<!-- 静态文件 -->
		<mvc:resources mapping="/res/**"  location="/res/"  cache-period="3600"/>
		<mvc:resources mapping="/static/**"  location="/static/"  cache-period="3600"/>
		<!-- <mvc:resources mapping="/images/**"  location="/WEB-INF/images/"  cache-period="3600"/> -->
		
		<bean id="freemarkerConfig" class="org.springframework.web.servlet.view.freemarker.FreeMarkerConfigurer">  
		    <property name="templateLoaderPath" value=""/>
			<property name="freemarkerSettings">
				<props>
					<prop key="tag_syntax">auto_detect</prop>
					<prop key="template_update_delay">1</prop>
					<prop key="defaultEncoding">UTF-8</prop>
					<prop key="url_escaping_charset">UTF-8</prop>
					<prop key="locale">zh_CN</prop>
					<prop key="boolean_format">true,false</prop>
					<prop key="datetime_format">yyyy-MM-dd HH:mm:ss</prop>
					<prop key="date_format">yyyy-MM-dd</prop>
					<prop key="time_format">HH:mm:ss</prop>
					<prop key="number_format">0.######</prop>
					<prop key="whitespace_stripping">true</prop>
					<prop key="auto_import">/WEB-INF/ftl/spring.ftl as s</prop>
				</props>
			</property>
		</bean>  
	    <bean id="viewResolver" class="org.springframework.web.servlet.view.freemarker.FreeMarkerViewResolver">
	    	<property name="prefix" value="/WEB-INF/pages/" />
			<property name="suffix" value=".html" />
			<property name="cache" value="true" />
			<property name="contentType" value="text/html; charset=UTF-8" />
			<property name="requestContextAttribute" value="request" />
		</bean>
	     
	    <bean id="multipartResolver" class="org.springframework.web.multipart.commons.CommonsMultipartResolver" >
	    	<property name="maxUploadSize" value="10000000" />
	    </bean>  
</beans>
